sample_accession	archive
SAMEA103892442	/work/microbiome/ibis/SRA/results/singlem_renew/20230511/ERR18/ERR1877711.annotated.json.gz
SAMEA103892580	/work/microbiome/ibis/SRA/results/singlem_renew/20230511/ERR18/ERR1877909.annotated.json.gz
SAMEA103892462	/work/microbiome/ibis/SRA/results/singlem_renew/20230511/ERR18/ERR1877682.annotated.json.gz /work/microbiome/ibis/SRA/results/singlem_renew/20230511/ERR18/ERR1877684.annotated.json.gz /work/microbiome/ibis/SRA/results/singlem_renew/20230511/ERR18/ERR1877678.annotated.json.gz /work/microbiome/ibis/SRA/results/singlem_renew/20230511/ERR18/ERR1877681.annotated.json.gz /work/microbiome/ibis/SRA/results/singlem_renew/20230511/ERR18/ERR1877680.annotated.json.gz /work/microbiome/ibis/SRA/results/singlem_renew/20230511/ERR18/ERR1877683.annotated.json.gz /work/microbiome/ibis/SRA/results/singlem_renew/20230511/ERR18/ERR1877679.annotated.json.gz
SAMEA103892600	/work/microbiome/ibis/SRA/results/singlem_renew/20230511/ERR18/ERR1877718.annotated.json.gz
SAMEA103892439	/work/microbiome/ibis/SRA/results/singlem_renew/20230511/ERR18/ERR1877777.annotated.json.gz /work/microbiome/ibis/SRA/results/singlem_renew/20230511/ERR18/ERR1877778.annotated.json.gz
SAMEA103892477	/work/microbiome/ibis/SRA/results/singlem_renew/20230511/ERR18/ERR1877728.annotated.json.gz /work/microbiome/ibis/SRA/results/singlem_renew/20230511/ERR18/ERR1877729.annotated.json.gz
SAMEA103892450	/work/microbiome/ibis/SRA/results/singlem_renew/20230511/ERR18/ERR1877792.annotated.json.gz
SAMEA103892598	/work/microbiome/ibis/SRA/results/singlem_renew/20230511/ERR18/ERR1877677.annotated.json.gz
SAMEA103892553	/work/microbiome/ibis/SRA/results/singlem_renew/20230511/ERR18/ERR1877745.annotated.json.gz
SAMEA103892513	/work/microbiome/ibis/SRA/results/singlem_renew/20230511/ERR18/ERR1877890.annotated.json.gz /work/microbiome/ibis/SRA/results/singlem_renew/20230511/ERR18/ERR1877891.annotated.json.gz
SAMEA103892586	/work/microbiome/ibis/SRA/results/singlem_renew/20230511/ERR18/ERR1877910.annotated.json.gz
SAMEA103892499	/work/microbiome/ibis/SRA/results/singlem_renew/20230511/ERR18/ERR1877734.annotated.json.gz
SAMEA103892583	/work/microbiome/ibis/SRA/results/singlem_renew/20230511/ERR18/ERR1877706.annotated.json.gz
SAMEA103892432	/work/microbiome/ibis/SRA/results/singlem_renew/20230511/ERR18/ERR1877702.annotated.json.gz /work/microbiome/ibis/SRA/results/singlem_renew/20230511/ERR18/ERR1877701.annotated.json.gz
SAMEA103892476	/work/microbiome/ibis/SRA/results/singlem_renew/20230511/ERR18/ERR1877906.annotated.json.gz /work/microbiome/ibis/SRA/results/singlem_renew/20230511/ERR18/ERR1877905.annotated.json.gz
SAMEA103892485	/work/microbiome/ibis/SRA/results/singlem_renew/20230511/ERR18/ERR1877710.annotated.json.gz
SAMEA103892448	/work/microbiome/ibis/SRA/results/singlem_renew/20230511/ERR18/ERR1877797.annotated.json.gz
SAMEA103892567	/work/microbiome/ibis/SRA/results/singlem_renew/20230511/ERR18/ERR1877739.annotated.json.gz
SAMEA103892446	/work/microbiome/ibis/SRA/results/singlem_renew/20230511/ERR18/ERR1877809.annotated.json.gz
SAMEA103892571	/work/microbiome/ibis/SRA/results/singlem_renew/20230511/ERR18/ERR1877652.annotated.json.gz
SAMEA103892536	/work/microbiome/ibis/SRA/results/singlem_renew/20230511/ERR18/ERR1877875.annotated.json.gz
SAMEA103892507	/work/microbiome/ibis/SRA/results/singlem_renew/20230511/ERR18/ERR1877923.annotated.json.gz
SAMEA103892615	/work/microbiome/ibis/SRA/results/singlem_renew/20230511/ERR18/ERR1877766.annotated.json.gz
SAMEA103892543	/work/microbiome/ibis/SRA/results/singlem_renew/20230511/ERR18/ERR1877741.annotated.json.gz
SAMEA103892449	/work/microbiome/ibis/SRA/results/singlem_renew/20230511/ERR18/ERR1877658.annotated.json.gz
SAMEA103892541	/work/microbiome/ibis/SRA/results/singlem_renew/20230511/ERR18/ERR1877767.annotated.json.gz
SAMEA103892496	/work/microbiome/ibis/SRA/results/singlem_renew/20230511/ERR18/ERR1877907.annotated.json.gz
SAMEA103892587	/work/microbiome/ibis/SRA/results/singlem_renew/20230511/ERR18/ERR1877724.annotated.json.gz
SAMEA103892590	/work/microbiome/ibis/SRA/results/singlem_renew/20230511/ERR18/ERR1877653.annotated.json.gz
SAMEA103892574	/work/microbiome/ibis/SRA/results/singlem_renew/20230511/ERR18/ERR1877743.annotated.json.gz
SAMEA103892528	/work/microbiome/ibis/SRA/results/singlem_renew/20230511/ERR18/ERR1877696.annotated.json.gz
SAMEA103892451	/work/microbiome/ibis/SRA/results/singlem_renew/20230511/ERR18/ERR1877784.annotated.json.gz
SAMEA103892569	/work/microbiome/ibis/SRA/results/singlem_renew/20230511/ERR18/ERR1877928.annotated.json.gz
SAMEA103892593	/work/microbiome/ibis/SRA/results/singlem_renew/20230511/ERR18/ERR1877764.annotated.json.gz
SAMEA103892487	/work/microbiome/ibis/SRA/results/singlem_renew/20230511/ERR18/ERR1877854.annotated.json.gz
SAMEA103892556	/work/microbiome/ibis/SRA/results/singlem_renew/20230511/ERR18/ERR1877814.annotated.json.gz
SAMEA103892603	/work/microbiome/ibis/SRA/results/singlem_renew/20230511/ERR18/ERR1877841.annotated.json.gz
SAMEA103892572	/work/microbiome/ibis/SRA/results/singlem_renew/20230511/ERR18/ERR1877882.annotated.json.gz
SAMEA103892564	/work/microbiome/ibis/SRA/results/singlem_renew/20230511/ERR18/ERR1877675.annotated.json.gz
SAMEA103892539	/work/microbiome/ibis/SRA/results/singlem_renew/20230511/ERR18/ERR1877650.annotated.json.gz
SAMEA103892444	/work/microbiome/ibis/SRA/results/singlem_renew/20230511/ERR18/ERR1877751.annotated.json.gz
SAMEA103892479	/work/microbiome/ibis/SRA/results/singlem_renew/20230511/ERR18/ERR1877894.annotated.json.gz
SAMEA103892524	/work/microbiome/ibis/SRA/results/singlem_renew/20230511/ERR18/ERR1877927.annotated.json.gz
SAMEA103892555	/work/microbiome/ibis/SRA/results/singlem_renew/20230511/ERR18/ERR1877744.annotated.json.gz
SAMEA103892519	/work/microbiome/ibis/SRA/results/singlem_renew/20230511/ERR18/ERR1877733.annotated.json.gz
SAMEA103892610	/work/microbiome/ibis/SRA/results/singlem_renew/20230511/ERR18/ERR1877673.annotated.json.gz /work/microbiome/ibis/SRA/results/singlem_renew/20230511/ERR18/ERR1877674.annotated.json.gz
SAMEA103892554	/work/microbiome/ibis/SRA/results/singlem_renew/20230511/ERR18/ERR1877776.annotated.json.gz
SAMEA103892517	/work/microbiome/ibis/SRA/results/singlem_renew/20230511/ERR18/ERR1877732.annotated.json.gz /work/microbiome/ibis/SRA/results/singlem_renew/20230511/ERR18/ERR1877731.annotated.json.gz
SAMEA103892545	/work/microbiome/ibis/SRA/results/singlem_renew/20230511/ERR18/ERR1877878.annotated.json.gz
SAMEA103892549	/work/microbiome/ibis/SRA/results/singlem_renew/20230511/ERR18/ERR1877848.annotated.json.gz
SAMEA103892585	/work/microbiome/ibis/SRA/results/singlem_renew/20230511/ERR18/ERR1877712.annotated.json.gz
SAMEA103892504	/work/microbiome/ibis/SRA/results/singlem_renew/20230511/ERR18/ERR1877738.annotated.json.gz
SAMEA103892500	/work/microbiome/ibis/SRA/results/singlem_renew/20230511/ERR18/ERR1877886.annotated.json.gz /work/microbiome/ibis/SRA/results/singlem_renew/20230511/ERR18/ERR1877887.annotated.json.gz
SAMEA103892467	/work/microbiome/ibis/SRA/results/singlem_renew/20230511/ERR18/ERR1877804.annotated.json.gz /work/microbiome/ibis/SRA/results/singlem_renew/20230511/ERR18/ERR1877807.annotated.json.gz /work/microbiome/ibis/SRA/results/singlem_renew/20230511/ERR18/ERR1877806.annotated.json.gz /work/microbiome/ibis/SRA/results/singlem_renew/20230511/ERR18/ERR1877805.annotated.json.gz /work/microbiome/ibis/SRA/results/singlem_renew/20230511/ERR18/ERR1877803.annotated.json.gz
SAMEA103892530	/work/microbiome/ibis/SRA/results/singlem_renew/20230511/ERR18/ERR1877844.annotated.json.gz /work/microbiome/ibis/SRA/results/singlem_renew/20230511/ERR18/ERR1877843.annotated.json.gz
SAMEA103892433	/work/microbiome/ibis/SRA/results/singlem_renew/20230511/ERR18/ERR1877752.annotated.json.gz
SAMEA103892562	/work/microbiome/ibis/SRA/results/singlem_renew/20230511/ERR18/ERR1877889.annotated.json.gz
SAMEA103892490	/work/microbiome/ibis/SRA/results/singlem_renew/20230511/ERR18/ERR1877721.annotated.json.gz
SAMEA103892618	/work/microbiome/ibis/SRA/results/singlem_renew/20230511/ERR18/ERR1877750.annotated.json.gz
SAMEA103892592	/work/microbiome/ibis/SRA/results/singlem_renew/20230511/ERR18/ERR1877914.annotated.json.gz
SAMEA103892577	/work/microbiome/ibis/SRA/results/singlem_renew/20230511/ERR18/ERR1877904.annotated.json.gz
SAMEA103892456	/work/microbiome/ibis/SRA/results/singlem_renew/20230511/ERR18/ERR1877799.annotated.json.gz /work/microbiome/ibis/SRA/results/singlem_renew/20230511/ERR18/ERR1877801.annotated.json.gz /work/microbiome/ibis/SRA/results/singlem_renew/20230511/ERR18/ERR1877802.annotated.json.gz /work/microbiome/ibis/SRA/results/singlem_renew/20230511/ERR18/ERR1877798.annotated.json.gz /work/microbiome/ibis/SRA/results/singlem_renew/20230511/ERR18/ERR1877800.annotated.json.gz
SAMEA103892457	/work/microbiome/ibis/SRA/results/singlem_renew/20230511/ERR18/ERR1877840.annotated.json.gz /work/microbiome/ibis/SRA/results/singlem_renew/20230511/ERR18/ERR1877837.annotated.json.gz /work/microbiome/ibis/SRA/results/singlem_renew/20230511/ERR18/ERR1877838.annotated.json.gz /work/microbiome/ibis/SRA/results/singlem_renew/20230511/ERR18/ERR1877839.annotated.json.gz
SAMEA103892514	/work/microbiome/ibis/SRA/results/singlem_renew/20230511/ERR18/ERR1877813.annotated.json.gz
SAMEA103892523	/work/microbiome/ibis/SRA/results/singlem_renew/20230511/ERR18/ERR1877933.annotated.json.gz
SAMEA103892508	/work/microbiome/ibis/SRA/results/singlem_renew/20230511/ERR18/ERR1877765.annotated.json.gz
SAMEA103892463	/work/microbiome/ibis/SRA/results/singlem_renew/20230511/ERR18/ERR1877782.annotated.json.gz /work/microbiome/ibis/SRA/results/singlem_renew/20230511/ERR18/ERR1877781.annotated.json.gz /work/microbiome/ibis/SRA/results/singlem_renew/20230511/ERR18/ERR1877780.annotated.json.gz /work/microbiome/ibis/SRA/results/singlem_renew/20230511/ERR18/ERR1877779.annotated.json.gz
SAMEA103892471	/work/microbiome/ibis/SRA/results/singlem_renew/20230511/ERR18/ERR1877796.annotated.json.gz /work/microbiome/ibis/SRA/results/singlem_renew/20230511/ERR18/ERR1877795.annotated.json.gz
SAMEA103892455	/work/microbiome/ibis/SRA/results/singlem_renew/20230511/ERR18/ERR1877825.annotated.json.gz /work/microbiome/ibis/SRA/results/singlem_renew/20230511/ERR18/ERR1877824.annotated.json.gz /work/microbiome/ibis/SRA/results/singlem_renew/20230511/ERR18/ERR1877822.annotated.json.gz /work/microbiome/ibis/SRA/results/singlem_renew/20230511/ERR18/ERR1877821.annotated.json.gz /work/microbiome/ibis/SRA/results/singlem_renew/20230511/ERR18/ERR1877823.annotated.json.gz
SAMEA103892594	/work/microbiome/ibis/SRA/results/singlem_renew/20230511/ERR18/ERR1877756.annotated.json.gz
SAMEA103892607	/work/microbiome/ibis/SRA/results/singlem_renew/20230511/ERR18/ERR1877847.annotated.json.gz /work/microbiome/ibis/SRA/results/singlem_renew/20230511/ERR18/ERR1877846.annotated.json.gz
SAMEA103892483	/work/microbiome/ibis/SRA/results/singlem_renew/20230511/ERR18/ERR1877789.annotated.json.gz
SAMEA103892521	/work/microbiome/ibis/SRA/results/singlem_renew/20230511/ERR18/ERR1877869.annotated.json.gz
SAMEA103892599	/work/microbiome/ibis/SRA/results/singlem_renew/20230511/ERR18/ERR1877754.annotated.json.gz
SAMEA103892531	/work/microbiome/ibis/SRA/results/singlem_renew/20230511/ERR18/ERR1877908.annotated.json.gz
SAMEA103892459	/work/microbiome/ibis/SRA/results/singlem_renew/20230511/ERR18/ERR1877899.annotated.json.gz /work/microbiome/ibis/SRA/results/singlem_renew/20230511/ERR18/ERR1877900.annotated.json.gz /work/microbiome/ibis/SRA/results/singlem_renew/20230511/ERR18/ERR1877902.annotated.json.gz /work/microbiome/ibis/SRA/results/singlem_renew/20230511/ERR18/ERR1877901.annotated.json.gz
SAMEA103892447	/work/microbiome/ibis/SRA/results/singlem_renew/20230511/ERR18/ERR1877698.annotated.json.gz
SAMEA103892460	/work/microbiome/ibis/SRA/results/singlem_renew/20230511/ERR18/ERR1877833.annotated.json.gz /work/microbiome/ibis/SRA/results/singlem_renew/20230511/ERR18/ERR1877830.annotated.json.gz /work/microbiome/ibis/SRA/results/singlem_renew/20230511/ERR18/ERR1877831.annotated.json.gz /work/microbiome/ibis/SRA/results/singlem_renew/20230511/ERR18/ERR1877832.annotated.json.gz /work/microbiome/ibis/SRA/results/singlem_renew/20230511/ERR18/ERR1877834.annotated.json.gz /work/microbiome/ibis/SRA/results/singlem_renew/20230511/ERR18/ERR1877835.annotated.json.gz
SAMEA103892511	/work/microbiome/ibis/SRA/results/singlem_renew/20230511/ERR18/ERR1877850.annotated.json.gz /work/microbiome/ibis/SRA/results/singlem_renew/20230511/ERR18/ERR1877849.annotated.json.gz
SAMEA103892468	/work/microbiome/ibis/SRA/results/singlem_renew/20230511/ERR18/ERR1877874.annotated.json.gz /work/microbiome/ibis/SRA/results/singlem_renew/20230511/ERR18/ERR1877873.annotated.json.gz /work/microbiome/ibis/SRA/results/singlem_renew/20230511/ERR18/ERR1877871.annotated.json.gz /work/microbiome/ibis/SRA/results/singlem_renew/20230511/ERR18/ERR1877872.annotated.json.gz
SAMEA103892604	/work/microbiome/ibis/SRA/results/singlem_renew/20230511/ERR18/ERR1877826.annotated.json.gz
SAMEA103892565	/work/microbiome/ibis/SRA/results/singlem_renew/20230511/ERR18/ERR1877863.annotated.json.gz
SAMEA103892453	/work/microbiome/ibis/SRA/results/singlem_renew/20230511/ERR18/ERR1877853.annotated.json.gz
SAMEA103892520	/work/microbiome/ibis/SRA/results/singlem_renew/20230511/ERR18/ERR1877723.annotated.json.gz
SAMEA103892452	/work/microbiome/ibis/SRA/results/singlem_renew/20230511/ERR18/ERR1877811.annotated.json.gz /work/microbiome/ibis/SRA/results/singlem_renew/20230511/ERR18/ERR1877812.annotated.json.gz
SAMEA103892612	/work/microbiome/ibis/SRA/results/singlem_renew/20230511/ERR18/ERR1877716.annotated.json.gz
SAMEA103892591	/work/microbiome/ibis/SRA/results/singlem_renew/20230511/ERR18/ERR1877775.annotated.json.gz
SAMEA103892548	/work/microbiome/ibis/SRA/results/singlem_renew/20230511/ERR18/ERR1877676.annotated.json.gz
SAMEA103892576	/work/microbiome/ibis/SRA/results/singlem_renew/20230511/ERR18/ERR1877662.annotated.json.gz
SAMEA103892559	/work/microbiome/ibis/SRA/results/singlem_renew/20230511/ERR18/ERR1877924.annotated.json.gz
SAMEA103892538	/work/microbiome/ibis/SRA/results/singlem_renew/20230511/ERR18/ERR1877692.annotated.json.gz
SAMEA103892566	/work/microbiome/ibis/SRA/results/singlem_renew/20230511/ERR18/ERR1877749.annotated.json.gz
SAMEA103892509	/work/microbiome/ibis/SRA/results/singlem_renew/20230511/ERR18/ERR1877790.annotated.json.gz /work/microbiome/ibis/SRA/results/singlem_renew/20230511/ERR18/ERR1877791.annotated.json.gz
SAMEA103892537	/work/microbiome/ibis/SRA/results/singlem_renew/20230511/ERR18/ERR1877881.annotated.json.gz
SAMEA103892438	/work/microbiome/ibis/SRA/results/singlem_renew/20230511/ERR18/ERR1877707.annotated.json.gz /work/microbiome/ibis/SRA/results/singlem_renew/20230511/ERR18/ERR1877708.annotated.json.gz
SAMEA103892552	/work/microbiome/ibis/SRA/results/singlem_renew/20230511/ERR18/ERR1877793.annotated.json.gz
SAMEA103892617	/work/microbiome/ibis/SRA/results/singlem_renew/20230511/ERR18/ERR1877864.annotated.json.gz
SAMEA103892458	/work/microbiome/ibis/SRA/results/singlem_renew/20230511/ERR18/ERR1877689.annotated.json.gz /work/microbiome/ibis/SRA/results/singlem_renew/20230511/ERR18/ERR1877686.annotated.json.gz /work/microbiome/ibis/SRA/results/singlem_renew/20230511/ERR18/ERR1877685.annotated.json.gz /work/microbiome/ibis/SRA/results/singlem_renew/20230511/ERR18/ERR1877687.annotated.json.gz /work/microbiome/ibis/SRA/results/singlem_renew/20230511/ERR18/ERR1877688.annotated.json.gz
SAMEA103892529	/work/microbiome/ibis/SRA/results/singlem_renew/20230511/ERR18/ERR1877747.annotated.json.gz /work/microbiome/ibis/SRA/results/singlem_renew/20230511/ERR18/ERR1877748.annotated.json.gz
SAMEA103892436	/work/microbiome/ibis/SRA/results/singlem_renew/20230511/ERR18/ERR1877936.annotated.json.gz /work/microbiome/ibis/SRA/results/singlem_renew/20230511/ERR18/ERR1877935.annotated.json.gz
SAMEA103892535	/work/microbiome/ibis/SRA/results/singlem_renew/20230511/ERR18/ERR1877855.annotated.json.gz
SAMEA103892614	/work/microbiome/ibis/SRA/results/singlem_renew/20230511/ERR18/ERR1877783.annotated.json.gz
SAMEA103892546	/work/microbiome/ibis/SRA/results/singlem_renew/20230511/ERR18/ERR1877663.annotated.json.gz
SAMEA103892441	/work/microbiome/ibis/SRA/results/singlem_renew/20230511/ERR18/ERR1877915.annotated.json.gz
SAMEA103892557	/work/microbiome/ibis/SRA/results/singlem_renew/20230511/ERR18/ERR1877695.annotated.json.gz
SAMEA103892563	/work/microbiome/ibis/SRA/results/singlem_renew/20230511/ERR18/ERR1877794.annotated.json.gz
SAMEA103892575	/work/microbiome/ibis/SRA/results/singlem_renew/20230511/ERR18/ERR1877808.annotated.json.gz
SAMEA103892589	/work/microbiome/ibis/SRA/results/singlem_renew/20230511/ERR18/ERR1877888.annotated.json.gz
SAMEA103892469	/work/microbiome/ibis/SRA/results/singlem_renew/20230511/ERR18/ERR1877827.annotated.json.gz
SAMEA103892582	/work/microbiome/ibis/SRA/results/singlem_renew/20230511/ERR18/ERR1877937.annotated.json.gz
SAMEA103892481	/work/microbiome/ibis/SRA/results/singlem_renew/20230511/ERR18/ERR1877736.annotated.json.gz
SAMEA103892609	/work/microbiome/ibis/SRA/results/singlem_renew/20230511/ERR18/ERR1877912.annotated.json.gz /work/microbiome/ibis/SRA/results/singlem_renew/20230511/ERR18/ERR1877911.annotated.json.gz
SAMEA103892440	/work/microbiome/ibis/SRA/results/singlem_renew/20230511/ERR18/ERR1877654.annotated.json.gz /work/microbiome/ibis/SRA/results/singlem_renew/20230511/ERR18/ERR1877655.annotated.json.gz
SAMEA103892466	/work/microbiome/ibis/SRA/results/singlem_renew/20230511/ERR18/ERR1877772.annotated.json.gz /work/microbiome/ibis/SRA/results/singlem_renew/20230511/ERR18/ERR1877770.annotated.json.gz /work/microbiome/ibis/SRA/results/singlem_renew/20230511/ERR18/ERR1877773.annotated.json.gz /work/microbiome/ibis/SRA/results/singlem_renew/20230511/ERR18/ERR1877769.annotated.json.gz /work/microbiome/ibis/SRA/results/singlem_renew/20230511/ERR18/ERR1877771.annotated.json.gz /work/microbiome/ibis/SRA/results/singlem_renew/20230511/ERR18/ERR1877774.annotated.json.gz
SAMEA103892527	/work/microbiome/ibis/SRA/results/singlem_renew/20230511/ERR18/ERR1877760.annotated.json.gz
SAMEA103892611	/work/microbiome/ibis/SRA/results/singlem_renew/20230511/ERR18/ERR1877762.annotated.json.gz /work/microbiome/ibis/SRA/results/singlem_renew/20230511/ERR18/ERR1877763.annotated.json.gz
SAMEA103892482	/work/microbiome/ibis/SRA/results/singlem_renew/20230511/ERR18/ERR1877715.annotated.json.gz
SAMEA103892616	/work/microbiome/ibis/SRA/results/singlem_renew/20230511/ERR18/ERR1877705.annotated.json.gz
SAMEA103892525	/work/microbiome/ibis/SRA/results/singlem_renew/20230511/ERR18/ERR1877740.annotated.json.gz
SAMEA103892437	/work/microbiome/ibis/SRA/results/singlem_renew/20230511/ERR18/ERR1877704.annotated.json.gz /work/microbiome/ibis/SRA/results/singlem_renew/20230511/ERR18/ERR1877703.annotated.json.gz
SAMEA103892558	/work/microbiome/ibis/SRA/results/singlem_renew/20230511/ERR18/ERR1877730.annotated.json.gz
SAMEA103892608	/work/microbiome/ibis/SRA/results/singlem_renew/20230511/ERR18/ERR1877694.annotated.json.gz /work/microbiome/ibis/SRA/results/singlem_renew/20230511/ERR18/ERR1877693.annotated.json.gz
SAMEA103892445	/work/microbiome/ibis/SRA/results/singlem_renew/20230511/ERR18/ERR1877737.annotated.json.gz
SAMEA103892620	/work/microbiome/ibis/SRA/results/singlem_renew/20230511/ERR18/ERR1877667.annotated.json.gz /work/microbiome/ibis/SRA/results/singlem_renew/20230511/ERR18/ERR1877666.annotated.json.gz
SAMEA103892584	/work/microbiome/ibis/SRA/results/singlem_renew/20230511/ERR18/ERR1877755.annotated.json.gz
SAMEA103892503	/work/microbiome/ibis/SRA/results/singlem_renew/20230511/ERR18/ERR1877829.annotated.json.gz
SAMEA103892443	/work/microbiome/ibis/SRA/results/singlem_renew/20230511/ERR18/ERR1877700.annotated.json.gz
SAMEA103892606	/work/microbiome/ibis/SRA/results/singlem_renew/20230511/ERR18/ERR1877892.annotated.json.gz
SAMEA103892486	/work/microbiome/ibis/SRA/results/singlem_renew/20230511/ERR18/ERR1877727.annotated.json.gz
SAMEA103892478	/work/microbiome/ibis/SRA/results/singlem_renew/20230511/ERR18/ERR1877880.annotated.json.gz /work/microbiome/ibis/SRA/results/singlem_renew/20230511/ERR18/ERR1877879.annotated.json.gz
SAMEA103892619	/work/microbiome/ibis/SRA/results/singlem_renew/20230511/ERR18/ERR1877651.annotated.json.gz /work/microbiome/ibis/SRA/results/singlem_renew/20230511/ERR18/ERR1877785.annotated.json.gz
SAMEA103892595	/work/microbiome/ibis/SRA/results/singlem_renew/20230511/ERR18/ERR1877867.annotated.json.gz
SAMEA103892484	/work/microbiome/ibis/SRA/results/singlem_renew/20230511/ERR18/ERR1877856.annotated.json.gz
SAMEA103892516	/work/microbiome/ibis/SRA/results/singlem_renew/20230511/ERR18/ERR1877788.annotated.json.gz /work/microbiome/ibis/SRA/results/singlem_renew/20230511/ERR18/ERR1877787.annotated.json.gz
SAMEA103892540	/work/microbiome/ibis/SRA/results/singlem_renew/20230511/ERR18/ERR1877903.annotated.json.gz
SAMEA103892454	/work/microbiome/ibis/SRA/results/singlem_renew/20230511/ERR18/ERR1877920.annotated.json.gz /work/microbiome/ibis/SRA/results/singlem_renew/20230511/ERR18/ERR1877918.annotated.json.gz /work/microbiome/ibis/SRA/results/singlem_renew/20230511/ERR18/ERR1877917.annotated.json.gz /work/microbiome/ibis/SRA/results/singlem_renew/20230511/ERR18/ERR1877919.annotated.json.gz /work/microbiome/ibis/SRA/results/singlem_renew/20230511/ERR18/ERR1877916.annotated.json.gz
SAMEA103892561	/work/microbiome/ibis/SRA/results/singlem_renew/20230511/ERR18/ERR1877828.annotated.json.gz
SAMEA103892506	/work/microbiome/ibis/SRA/results/singlem_renew/20230511/ERR18/ERR1877876.annotated.json.gz /work/microbiome/ibis/SRA/results/singlem_renew/20230511/ERR18/ERR1877877.annotated.json.gz
SAMEA103892491	/work/microbiome/ibis/SRA/results/singlem_renew/20230511/ERR18/ERR1877934.annotated.json.gz
SAMEA103892560	/work/microbiome/ibis/SRA/results/singlem_renew/20230511/ERR18/ERR1877735.annotated.json.gz
SAMEA103892494	/work/microbiome/ibis/SRA/results/singlem_renew/20230511/ERR18/ERR1877929.annotated.json.gz
SAMEA103892534	/work/microbiome/ibis/SRA/results/singlem_renew/20230511/ERR18/ERR1877665.annotated.json.gz /work/microbiome/ibis/SRA/results/singlem_renew/20230511/ERR18/ERR1877664.annotated.json.gz
SAMEA103892613	/work/microbiome/ibis/SRA/results/singlem_renew/20230511/ERR18/ERR1877742.annotated.json.gz
SAMEA103892597	/work/microbiome/ibis/SRA/results/singlem_renew/20230511/ERR18/ERR1877656.annotated.json.gz
SAMEA103892461	/work/microbiome/ibis/SRA/results/singlem_renew/20230511/ERR18/ERR1877671.annotated.json.gz /work/microbiome/ibis/SRA/results/singlem_renew/20230511/ERR18/ERR1877669.annotated.json.gz /work/microbiome/ibis/SRA/results/singlem_renew/20230511/ERR18/ERR1877670.annotated.json.gz /work/microbiome/ibis/SRA/results/singlem_renew/20230511/ERR18/ERR1877672.annotated.json.gz /work/microbiome/ibis/SRA/results/singlem_renew/20230511/ERR18/ERR1877668.annotated.json.gz
SAMEA103892470	/work/microbiome/ibis/SRA/results/singlem_renew/20230511/ERR18/ERR1877768.annotated.json.gz
SAMEA103892544	/work/microbiome/ibis/SRA/results/singlem_renew/20230511/ERR18/ERR1877857.annotated.json.gz /work/microbiome/ibis/SRA/results/singlem_renew/20230511/ERR18/ERR1877858.annotated.json.gz
SAMEA103892501	/work/microbiome/ibis/SRA/results/singlem_renew/20230511/ERR18/ERR1877659.annotated.json.gz
SAMEA103892489	/work/microbiome/ibis/SRA/results/singlem_renew/20230511/ERR18/ERR1877922.annotated.json.gz
SAMEA103892588	/work/microbiome/ibis/SRA/results/singlem_renew/20230511/ERR18/ERR1877815.annotated.json.gz
SAMEA103892550	/work/microbiome/ibis/SRA/results/singlem_renew/20230511/ERR18/ERR1877657.annotated.json.gz
SAMEA103892533	/work/microbiome/ibis/SRA/results/singlem_renew/20230511/ERR18/ERR1877759.annotated.json.gz
SAMEA103892542	/work/microbiome/ibis/SRA/results/singlem_renew/20230511/ERR18/ERR1877893.annotated.json.gz
SAMEA103892578	/work/microbiome/ibis/SRA/results/singlem_renew/20230511/ERR18/ERR1877859.annotated.json.gz
SAMEA103892551	/work/microbiome/ibis/SRA/results/singlem_renew/20230511/ERR18/ERR1877722.annotated.json.gz
SAMEA103892434	/work/microbiome/ibis/SRA/results/singlem_renew/20230511/ERR18/ERR1877851.annotated.json.gz /work/microbiome/ibis/SRA/results/singlem_renew/20230511/ERR18/ERR1877852.annotated.json.gz
SAMEA103892601	/work/microbiome/ibis/SRA/results/singlem_renew/20230511/ERR18/ERR1877810.annotated.json.gz
SAMEA103892493	/work/microbiome/ibis/SRA/results/singlem_renew/20230511/ERR18/ERR1877717.annotated.json.gz
SAMEA103892475	/work/microbiome/ibis/SRA/results/singlem_renew/20230511/ERR18/ERR1877860.annotated.json.gz
SAMEA103892596	/work/microbiome/ibis/SRA/results/singlem_renew/20230511/ERR18/ERR1877868.annotated.json.gz
SAMEA103892480	/work/microbiome/ibis/SRA/results/singlem_renew/20230511/ERR18/ERR1877913.annotated.json.gz
SAMEA103892472	/work/microbiome/ibis/SRA/results/singlem_renew/20230511/ERR18/ERR1877925.annotated.json.gz /work/microbiome/ibis/SRA/results/singlem_renew/20230511/ERR18/ERR1877926.annotated.json.gz
SAMEA103892497	/work/microbiome/ibis/SRA/results/singlem_renew/20230511/ERR18/ERR1877786.annotated.json.gz
SAMEA103892570	/work/microbiome/ibis/SRA/results/singlem_renew/20230511/ERR18/ERR1877709.annotated.json.gz
SAMEA103892581	/work/microbiome/ibis/SRA/results/singlem_renew/20230511/ERR18/ERR1877699.annotated.json.gz
SAMEA103892512	/work/microbiome/ibis/SRA/results/singlem_renew/20230511/ERR18/ERR1877713.annotated.json.gz /work/microbiome/ibis/SRA/results/singlem_renew/20230511/ERR18/ERR1877714.annotated.json.gz
SAMEA103892568	/work/microbiome/ibis/SRA/results/singlem_renew/20230511/ERR18/ERR1877845.annotated.json.gz
SAMEA103892510	/work/microbiome/ibis/SRA/results/singlem_renew/20230511/ERR18/ERR1877842.annotated.json.gz
SAMEA103892518	/work/microbiome/ibis/SRA/results/singlem_renew/20230511/ERR18/ERR1877932.annotated.json.gz /work/microbiome/ibis/SRA/results/singlem_renew/20230511/ERR18/ERR1877931.annotated.json.gz
SAMEA103892474	/work/microbiome/ibis/SRA/results/singlem_renew/20230511/ERR18/ERR1877883.annotated.json.gz /work/microbiome/ibis/SRA/results/singlem_renew/20230511/ERR18/ERR1877884.annotated.json.gz
SAMEA103892605	/work/microbiome/ibis/SRA/results/singlem_renew/20230511/ERR18/ERR1877921.annotated.json.gz
SAMEA103892515	/work/microbiome/ibis/SRA/results/singlem_renew/20230511/ERR18/ERR1877865.annotated.json.gz /work/microbiome/ibis/SRA/results/singlem_renew/20230511/ERR18/ERR1877866.annotated.json.gz
SAMEA103892502	/work/microbiome/ibis/SRA/results/singlem_renew/20230511/ERR18/ERR1877697.annotated.json.gz
SAMEA103892488	/work/microbiome/ibis/SRA/results/singlem_renew/20230511/ERR18/ERR1877862.annotated.json.gz
SAMEA103892579	/work/microbiome/ibis/SRA/results/singlem_renew/20230511/ERR18/ERR1877753.annotated.json.gz
SAMEA103892435	/work/microbiome/ibis/SRA/results/singlem_renew/20230511/ERR18/ERR1877661.annotated.json.gz /work/microbiome/ibis/SRA/results/singlem_renew/20230511/ERR18/ERR1877660.annotated.json.gz
SAMEA103892495	/work/microbiome/ibis/SRA/results/singlem_renew/20230511/ERR18/ERR1877758.annotated.json.gz /work/microbiome/ibis/SRA/results/singlem_renew/20230511/ERR18/ERR1877757.annotated.json.gz
SAMEA103892492	/work/microbiome/ibis/SRA/results/singlem_renew/20230511/ERR18/ERR1877885.annotated.json.gz
SAMEA103892547	/work/microbiome/ibis/SRA/results/singlem_renew/20230511/ERR18/ERR1877725.annotated.json.gz
SAMEA103892465	/work/microbiome/ibis/SRA/results/singlem_renew/20230511/ERR18/ERR1877818.annotated.json.gz /work/microbiome/ibis/SRA/results/singlem_renew/20230511/ERR18/ERR1877816.annotated.json.gz /work/microbiome/ibis/SRA/results/singlem_renew/20230511/ERR18/ERR1877819.annotated.json.gz /work/microbiome/ibis/SRA/results/singlem_renew/20230511/ERR18/ERR1877817.annotated.json.gz /work/microbiome/ibis/SRA/results/singlem_renew/20230511/ERR18/ERR1877820.annotated.json.gz
SAMEA103892498	/work/microbiome/ibis/SRA/results/singlem_renew/20230511/ERR18/ERR1877836.annotated.json.gz
SAMEA103892522	/work/microbiome/ibis/SRA/results/singlem_renew/20230511/ERR18/ERR1877720.annotated.json.gz /work/microbiome/ibis/SRA/results/singlem_renew/20230511/ERR18/ERR1877719.annotated.json.gz
SAMEA103892505	/work/microbiome/ibis/SRA/results/singlem_renew/20230511/ERR18/ERR1877870.annotated.json.gz
SAMEA103892602	/work/microbiome/ibis/SRA/results/singlem_renew/20230511/ERR18/ERR1877691.annotated.json.gz /work/microbiome/ibis/SRA/results/singlem_renew/20230511/ERR18/ERR1877690.annotated.json.gz
SAMEA103892464	/work/microbiome/ibis/SRA/results/singlem_renew/20230511/ERR18/ERR1877898.annotated.json.gz /work/microbiome/ibis/SRA/results/singlem_renew/20230511/ERR18/ERR1877897.annotated.json.gz /work/microbiome/ibis/SRA/results/singlem_renew/20230511/ERR18/ERR1877896.annotated.json.gz /work/microbiome/ibis/SRA/results/singlem_renew/20230511/ERR18/ERR1877895.annotated.json.gz
SAMEA103892573	/work/microbiome/ibis/SRA/results/singlem_renew/20230511/ERR18/ERR1877746.annotated.json.gz
